geoid,lon,lat,call_count,geoid_2020
420030103001,-79.9848165697814,40.4343741406204,5265,420030103011
420030103002,-79.9904755497259,40.4369020493028,2844,420030103021
420030103003,-79.9837638085638,40.4369010410715,9300,420030103022
420030103004,-79.977289961057,40.4373547991558,1736,420030103022
420030201001,-80.0067293864748,40.439640377002,12322,420030201001
420030201002,-80.0042531259759,40.4434807489034,7064,420030201002
420030201003,-79.9991080518783,40.441376707381,14481,420030201003
420030201004,-79.9892139696726,40.4406844760062,3037,420030305003
420030201005,-79.9966060929745,40.4379740715745,7098,420030201004
420030201006,-79.9970207258277,40.4450860046541,8352,420030201005
420030203001,-79.9814358312587,40.4542814709246,4849,420030203001
420030305001,-79.9856274594971,40.4444413075378,4699,420030305001
420030305002,-79.9813396765969,40.4403925313045,3614,420030305002
420030402001,-79.9694406064413,40.439122827976,1593,420030510001
420030402002,-79.9626140406666,40.4412517150916,6658,420030402002
420030404001,-79.9484002020288,40.4458444069545,625,420030404001
420030404002,-79.9499653438506,40.4482701178561,1906,420030404002
420030405001,-79.9542364969088,40.440688456109,2567,420030405001
420030405002,-79.9582188404362,40.4382333995906,2040,420030405002
420030406001,-79.952288526385,40.4367581293383,1082,420030406001
420030409001,-79.9626960085371,40.4355168597522,4985,420030409001
420030409002,-79.9556788326568,40.4318429067647,748,420030409002
420030409003,-79.951804613391,40.4308153999127,560,420030409003
420030501001,-79.9675198261918,40.4501662693267,1146,420030501002
420030501002,-79.9721425542629,40.4474891563718,1671,420030501002
420030501003,-79.9776985897945,40.4459803609266,4293,420030501001
420030506001,-79.95968411413,40.4552887063555,2641,420030506001
420030506002,-79.9616550408483,40.4521286296394,808,420030506002
420030506003,-79.9591397702763,40.4507309652359,889,420030506002
420030509001,-79.9743642858791,40.4510371227739,6489,420030509001
420030510001,-79.9712180824787,40.4419441612595,2511,420030510001
420030510002,-79.965289058217,40.4458750224138,2727,420030510002
420030511001,-79.9764006574579,40.4415991976999,1368,420030511001
420030603001,-79.9609502353287,40.4621300694944,1113,420030603001
420030603002,-79.9669006134401,40.4666665628867,2446,420030603002
420030605001,-79.969369594384,40.4570368001828,1266,420030605001
420030605002,-79.9612843013675,40.4586135783682,658,420030605002
420030703001,-79.9334934454042,40.4527319841613,453,420030703001
420030703002,-79.9325840976186,40.4502379567306,2125,420030703002
420030703003,-79.9374039743815,40.4501706956377,400,420030703003
420030705001,-79.9275222864209,40.4551624557267,477,420030705001
420030705002,-79.9307338722435,40.4539168578891,232,420030705002
420030705003,-79.9293813350669,40.4574296231397,1380,420030705003
420030706001,-79.9234958403835,40.4546101998475,419,420030706001
420030706002,-79.9274617351331,40.4519492059506,464,420030706002
420030708001,-79.9220124249188,40.458428609457,1225,420030708001
420030708002,-79.9181980167363,40.4551106813877,702,420030708002
420030709001,-79.9379489411611,40.4544471464716,7271,420030709001
420030709002,-79.9473037233992,40.4511003655394,670,420030709002
420030709003,-79.9431433727084,40.4489349088572,508,420030709003
420030709004,-79.9436259996091,40.4525593648404,512,420030709004
420030802001,-79.9510110487305,40.4593398214002,1010,420030802001
420030802002,-79.9522445761777,40.4617279820832,683,420030802002
420030804001,-79.9441162271497,40.457438232822,3367,420030804001
420030804002,-79.9479003767686,40.4551298294508,979,420030804002
420030806001,-79.9396175889351,40.4616027253882,635,420030806001
420030806002,-79.9397436828786,40.4582872415778,1129,420030806002
420030807001,-79.9335963182531,40.4628008263314,611,420030807001
420030807002,-79.9351082008905,40.4593044417836,668,420030807002
420030809001,-79.9463575070189,40.4623860456779,3239,420030809001
420030809002,-79.9413099704386,40.4638536082158,3708,420030806001
420030901001,-79.9598485839436,40.4761803804053,2139,420030901001
420030901002,-79.9639700319174,40.4744944806125,382,420030901002
420030902001,-79.9592954275246,40.4694715089342,1182,420030902001
420030902002,-79.9555825526762,40.4692839006625,5889,420030902002
420030902003,-79.9570610552344,40.4664731842548,3237,420030902003
420030903001,-79.9511005802046,40.4645942225398,1568,420030903001
420030903002,-79.9556073830501,40.4640279476354,794,420030903002
420031005001,-79.934307702818,40.476023847454,1613,420031005001
420031005002,-79.9393716695625,40.4781322040634,1245,420031005002
420031011001,-79.9516935665256,40.4796465251661,1073,420031011001
420031011002,-79.9499609894421,40.4851443761309,851,420031011002
420031011003,-79.9477772502332,40.4818180019287,698,420031011003
420031014001,-79.9259144496216,40.487749094602,1260,420031018002
420031014002,-79.928432016755,40.4845032156821,443,420031014002
420031014003,-79.9299743520258,40.4750412653485,556,420031014003
420031014004,-79.9300831687549,40.4799253156455,347,420031014004
420031016001,-79.9393339293673,40.4703818171228,1804,420031019001
420031017001,-79.9381956827287,40.4664332171053,1227,420031019003
420031017002,-79.9433733438057,40.4672503043035,1275,420031019002
420031018001,-79.9336478519231,40.4829489832747,710,420031018001
420031018002,-79.9385859386471,40.4847944055537,1234,420031018002
420031102001,-79.9195895246551,40.4780288931715,459,420031102001
420031102002,-79.9213125775565,40.4757865852129,502,420031102002
420031102003,-79.926120712053,40.4765191866991,872,420031102003
420031102004,-79.9227510224386,40.4725754262086,1077,420031102004
420031106001,-79.9137589103587,40.4715293675782,469,420031106001
420031106002,-79.9162686745468,40.4752921086615,320,420031106002
420031106003,-79.9182001393363,40.4707126658588,401,420031106003
420031113001,-79.9294165949606,40.4710555664347,967,420031113001
420031113002,-79.9238138764237,40.4691227903577,1639,420031113002
420031113003,-79.9256059647226,40.4680324837675,969,420031113003
420031113004,-79.9196933538802,40.4674292679837,1058,420031113004
420031114001,-79.9302567571514,40.467132915162,816,420031114001
420031114002,-79.9332790762545,40.4669150770626,1480,420031114002
420031115001,-79.9246335744113,40.4652747267277,1906,420031115002
420031115002,-79.9302819038996,40.4613608887144,2971,420031115001
420031115003,-79.9256163701344,40.4617017281422,3824,420031115002
420031115004,-79.9188355225551,40.4612616880712,3851,420031115003
420031203001,-79.903855677616,40.4704348487291,2000,420031203001
420031203002,-79.9005408747582,40.4667509908845,1148,420031203002
420031204001,-79.9087869369979,40.4633827213871,995,420031209001
420031204002,-79.9115774465033,40.4666689717694,888,420031209001
420031207001,-79.9032362347684,40.4610019107636,1750,420031307003
420031207002,-79.9050734006901,40.4569792758943,1573,420031307003
420031208001,-79.9160529581977,40.4644645904739,1639,420031209002
420031208002,-79.9121427022301,40.4589888728302,3951,420031209002
420031301001,-79.8838429825241,40.4578426089047,2325,420031307001
420031301002,-79.8921526024379,40.4610894852872,1102,420031307002
420031301003,-79.898793729132,40.4613224593048,1483,420031307002
420031302001,-79.8910898515412,40.4578021091724,1694,420031302001
420031302002,-79.8955936252342,40.4594847346672,1572,420031302002
420031303001,-79.89430995367,40.4552959376802,2311,420031308002
420031303002,-79.8948088675628,40.4526340492953,1868,420031308003
420031303003,-79.8998782727412,40.4556785506584,3029,420031308002
420031304001,-79.8888803582365,40.4543436751335,1835,420031308001
420031304002,-79.8891664954052,40.4508339085488,1389,420031308003
420031304003,-79.8859816613825,40.449696902366,656,420031308001
420031306001,-79.8817258224521,40.4522004537342,1748,420031306001
420031306002,-79.8760693051727,40.4571302032878,1981,420031306001
420031306003,-79.8715513344861,40.4531892496901,5652,420031306002
420031401001,-79.9352631912314,40.4443036247585,474,420031401001
420031401002,-79.9337568297866,40.4403115397363,813,420031401002
420031401003,-79.9435853992368,40.4427380762474,1073,420031401001
420031401004,-79.9428583132874,40.4461823255086,1069,420031401001
420031402001,-79.9236013648265,40.4483713449596,459,420031402001
420031402002,-79.9297296796295,40.4471014518219,596,420031402002
420031403001,-79.9143770178437,40.4443747936829,314,420031403001
420031403002,-79.9159651917661,40.4403476003011,839,420031403004
420031403003,-79.9234621979784,40.4397224227583,856,420031403002
420031403004,-79.9230656159424,40.4427409881715,727,420031403003
420031404001,-79.9120119317899,40.4515097980419,558,420031404001
420031404002,-79.9143932873051,40.4473234776948,204,420031404002
420031404003,-79.9182206665712,40.4492227674947,578,420031404003
420031405001,-79.8977331330818,40.4500450550406,2993,420031405001
420031405002,-79.9060633773521,40.4541597207331,532,420031405002
420031405003,-79.9073228522572,40.452394701896,543,420031405002
420031406001,-79.9064921109112,40.4479271610934,825,420031412003
420031406002,-79.8988041938925,40.445169824432,585,420031412002
420031406003,-79.8953736788403,40.4430538606311,1596,420031412002
420031408001,-79.9142940846105,40.4322766145711,1007,420031408001
420031408002,-79.9190551206063,40.4355839508837,1762,420031408002
420031408003,-79.9212419979166,40.4310494607375,1235,420031408003
420031410001,-79.897620310157,40.4328978593504,552,420031412002
420031411001,-79.9049468367057,40.420693277606,997,420031411001
420031413001,-79.9284520730321,40.4360248778128,2122,420031413001
420031413002,-79.9298978005544,40.4311227542008,691,420031413002
420031413003,-79.9253395557956,40.4320533157132,4359,420031413003
420031414001,-79.9228289875104,40.4214478783657,422,420031414001
420031414002,-79.9207338533187,40.4243930201187,302,420031414002
420031414003,-79.9185766142869,40.4266113958283,423,420031414003
420031414004,-79.9169717367548,40.418928350084,5533,420031414004
420031414005,-79.9245817052058,40.4275579776201,1593,420031414005
420031516001,-79.9414175826809,40.4231303911489,1012,420031516001
420031516002,-79.9459987878703,40.4267964107122,1046,420031516002
420031516003,-79.9448494403311,40.4227741202347,376,420031516002
420031517001,-79.9277799224521,40.4228511391069,1288,420031517001
420031517002,-79.934532297659,40.4272718409877,1022,420031517002
420031517003,-79.9385305185647,40.4225210368166,492,420031517003
420031517004,-79.9354025902958,40.4216406797426,444,420031517004
420031517005,-79.9316113700663,40.4213466895628,988,420031517005
420031517006,-79.9318670519787,40.4254163074053,665,420031517006
420031608001,-79.9707758461244,40.4229787615233,360,420031608001
420031608002,-79.9656479237244,40.4216234756,639,420031608001
420031608003,-79.9687858875726,40.4192643852966,659,420031608002
420031608004,-79.9756079433207,40.4209407805222,1109,420031608001
420031609001,-79.9689045146005,40.4295604487375,3436,420031609001
420031609002,-79.9619369227734,40.4225256077526,4596,420031609002
420031702001,-79.9916743844978,40.4299757205122,4860,420031702001
420031702002,-79.9805533254415,40.4315391729821,2655,420031702002
420031702003,-79.9852109036637,40.4272794519788,2932,420031702003
420031702004,-79.9793291650169,40.426990406177,2937,420031702004
420031706001,-79.9876000142757,40.4249025431986,587,420031706001
420031706002,-79.9803424563577,40.4235250703143,788,420031706001
420031706003,-79.9840554446432,40.4197412552118,1076,420031706002
420031803001,-79.9943932431895,40.4247787021077,3275,420031803001
420031803002,-79.9928136350109,40.4209011155065,2602,420031803002
420031803003,-79.9927457257234,40.4191984901289,1215,420031803003
420031807001,-80.0017702315617,40.4265469330047,635,420031807001
420031807002,-80.0011317958185,40.4247165795558,894,420031807002
420031807003,-80.0010242234309,40.4228393292492,2099,420031807003
420031903001,-80.0137521186919,40.4347556996233,1136,420031903001
420031903002,-80.0162100508628,40.430080413364,766,420031903002
420031911001,-80.0231211220072,40.4314561986921,1303,420031911001
420031911002,-80.0261444781803,40.4386270107683,1857,420031911002
420031914001,-80.0064839921762,40.429208568485,3470,420031914001
420031914002,-80.0142086806421,40.4260341044075,1572,420031914002
420031915001,-80.0118294297291,40.4191738625581,1356,420031915002
420031915002,-80.0088797537163,40.4231332897711,1786,420031915002
420031916001,-80.0243346182024,40.4220106339788,1036,420031916001
420031916002,-80.0172439792104,40.4138390130856,856,420031916002
420031916003,-80.0199046876058,40.4112432840122,904,420031916002
420031916004,-80.0244273489683,40.4137966552987,903,420031916004
420031916005,-80.0279474467746,40.4122381913628,1195,420031916005
420031917001,-80.010929907877,40.4043762485459,2038,420031917001
420031917002,-80.0172501394567,40.3996704112874,410,420031917001
420031917003,-80.0186604546724,40.4029629739735,962,420031917002
420031918001,-80.0203941320592,40.3922983106136,1312,420031918001
420031918002,-80.0228479559115,40.3905127274342,526,420031918002
420031918003,-80.017146755447,40.3895380666216,739,420031918003
420031918004,-80.0262835876413,40.393514112433,1195,420031918004
420031918005,-80.0129296983389,40.3846556917272,697,420031918005
420031918006,-80.0092932361899,40.3860720563007,747,420031918006
420031918007,-80.0122472609114,40.3900969534223,1302,420031918007
420031919001,-80.0201247400514,40.3973882419927,500,420031919001
420031919002,-80.0190043676129,40.3946894085107,1120,420031919002
420031919003,-80.0268868828087,40.3963852773852,902,420031919003
420031920001,-80.0217077941073,40.405865157475,1020,420031920001
420031920002,-80.0253583805874,40.4016293508278,2059,420031920002
420031920003,-80.031323330618,40.4053209824914,1310,420031920003
420031920004,-80.0296749100469,40.4008989516841,1000,420031920004
420031920005,-80.0236042508772,40.4084245567453,624,420031920005
420032022001,-80.0636161687446,40.4524971314209,1878,420032022001
420032022002,-80.0624129675041,40.455146659176,1251,420032022002
420032022003,-80.0647482558033,40.4580401789706,569,420032022003
420032023001,-80.0358270642303,40.418478060428,1027,420032023001
420032023002,-80.0455118710232,40.4029813129977,1372,420032023002
420032023003,-80.0411171023405,40.4076137169466,2821,420032023003
420032023004,-80.0356760336045,40.4127847990111,1001,420032023004
420032107001,-80.0236523187025,40.4531605728633,3418,420035652001
420032107002,-80.0264675111689,40.4578787012252,1097,420035652002
420032206001,-80.0138146535357,40.4553122049366,2619,420035651001
420032206002,-80.0051551585138,40.4572612305367,12140,420035651001
420032406001,-79.9810803828379,40.4627894256834,1455,420032413002
420032406002,-79.9859580414332,40.4612042977602,2533,420032413002
420032412001,-79.9884382580125,40.4714316414819,649,420032413003
420032412002,-79.9915274265165,40.4600612142717,530,420032413003
420032503001,-80.0120342530303,40.4584967695093,1311,420035651001
420032507001,-80.0218664821257,40.4599490612354,2463,420035652003
420032509001,-80.0047767963606,40.4608250354721,2083,420032509001
420032509002,-80.0039441708113,40.4641644597193,598,420032509002
420032602001,-80.0133786632948,40.4916357821417,764,420032602001
420032602002,-80.0228512537478,40.490322996976,1224,420032602002
420032602003,-80.0188673581545,40.4933725778329,637,420032602002
420032607001,-80.0114095276025,40.4837736256873,791,420032607002
420032607002,-80.0120517889471,40.4793505715975,712,420039804001
420032609001,-80.0025995579402,40.4776416082678,5471,420032613001
420032612001,-80.0081134176757,40.4922461463542,949,420032613002
420032614001,-80.0169006274862,40.4653303041762,1133,420032614001
420032614002,-80.0134995224979,40.4620072011017,934,420032614002
420032614003,-80.0114625716533,40.4679627475043,1757,420032614003
420032614004,-80.0064378243556,40.4683565972027,2420,420032614004
420032615001,-80.0097318814036,40.4734029343779,2347,420032615001
420032615002,-80.019314049923,40.4698707007682,1494,420032615002
420032620001,-79.994174372302,40.4632209739391,2412,420032620001
420032620002,-79.992714736811,40.467762820025,3735,420032620002
420032620003,-79.9965038011094,40.4698781496461,929,420032620003
420032701001,-80.0396225093196,40.484596992489,1597,420032701001
420032701002,-80.0463655725058,40.4824076190694,1843,420032701002
420032703001,-80.035181246718,40.4783600008758,2450,420032703001
420032703002,-80.0397210121806,40.4769188357673,2001,420032703002
420032704001,-80.028514634242,40.4654074917589,1583,420032716004
420032708001,-80.0376396991712,40.4884075231455,978,420032708001
420032708002,-80.0308346281517,40.481175847841,1435,420032708002
420032708003,-80.0297262636535,40.4865949855225,744,420032708003
420032715001,-80.0239807996191,40.4750842177715,1644,420032716001
420032715002,-80.0297365899697,40.4706306326004,2571,420032716002
420032715003,-80.0340765124608,40.4716807111625,1953,420032716003
420032814001,-80.0569315236601,40.4496389538746,735,420032814001
420032814002,-80.050197537515,40.4462584701274,3889,420032814002
420032815001,-80.050916880906,40.4402227756238,675,420032815001
420032815002,-80.056861882712,40.4407107472525,990,420032815002
420032901001,-79.9944800794115,40.401749585794,1511,420032901001
420032901002,-79.9925089091687,40.3969243447976,1503,420032901001
420032901003,-79.9901650782678,40.3936931570302,1951,420032901003
420032902001,-79.9817065850805,40.4021390250024,1145,420032902001
420032902002,-79.98265123554,40.3927884175887,2255,420032902002
420032902003,-79.9842528796464,40.395194733855,1048,420032902003
420032902004,-79.9865877197741,40.3995407815949,1347,420032902004
420032902005,-79.9878823257091,40.4039428988648,1734,420032902005
420032904001,-79.9898623530459,40.3897527500212,940,420032904001
420032904002,-79.9814742055697,40.3877483111003,2905,420032904002
420032904003,-79.9867668555638,40.3844269259407,862,420032904001
420032904004,-79.9764211033501,40.3909891226662,1365,420032904004
420032904005,-79.9803215106737,40.3823981835111,1657,420032904003
420033001001,-79.9927448657879,40.4178352450618,696,420033001001
420033001002,-79.9924641026291,40.4165787842053,1100,420033001001
420033001003,-79.9928228942653,40.4148169720333,2288,420033001002
420033001004,-79.9929440504832,40.4128653477281,1873,420033001003
420033001005,-79.9931776457397,40.4109436005304,1553,420033001004
420033001006,-79.9939401230778,40.408858318253,1478,420033001005
420033102001,-79.9121908150611,40.3771486844656,672,420033102001
420033102002,-79.9062810160376,40.3680778658708,648,420033102002
420033102003,-79.9108831758662,40.3656898526846,666,420033102002
420033102004,-79.919191107139,40.3745364104185,874,420033102003
420033102005,-79.9180494667986,40.3677162761951,630,420033102002
420033103001,-79.9225499137721,40.3879335684698,709,420035653001
420033204001,-79.9903258708387,40.3813387035233,2450,420033204001
420033204002,-79.9933967086181,40.3870229058559,575,420033204002
420033204003,-79.995229518391,40.3912080273824,640,420033204002
420033206001,-80.0068225564224,40.3971446345386,1048,420033206001
420033206002,-80.0036571132716,40.392691148933,1190,420033206002
420033207001,-80.0009400800823,40.3857439191408,1085,420033207001
420033207002,-79.9993631035388,40.3783603089372,904,420033207002
420034230002,-79.900709195044,40.4900248320181,4,420034230002
420034240002,-79.9203352279363,40.4919149755977,1,420034240002
420034281002,-79.9830387040237,40.4713743699056,1,420034281002
420034282002,-79.996736386179,40.4853435884638,3,420034282002
420034291001,-79.9988001543641,40.503566516696,1,420034291001
420034291002,-80.0162322432731,40.5088281693508,1,420034291002
420034297002,-80.0390471239598,40.4945451610034,1,420034297002
420034643004,-80.0614405265004,40.4448476569017,8,420034643003
420034656001,-80.0724860534828,40.4390878370883,8,420034656001
420034658001,-80.0624373414483,40.4323837173794,2,420034658001
420034690003,-80.0550920195313,40.421694221084,67,420034690003
420034721001,-80.0342369105224,40.3982850857086,20,420034721001
420034723001,-80.0335752136723,40.3942378340118,4,420034723001
420034723003,-80.0323147143473,40.3905550263527,1,420034723002
420034731001,-80.050669895812,40.3972135151512,1,420034731001
420034772001,-79.9902558533437,40.3741162563928,33,420034772001
420034804001,-79.9510768897618,40.3872339008322,1,420034804001
420034810001,-79.9851573160228,40.4158929295786,109,420034810001
420034810002,-79.9841307714897,40.4120581018147,43,420034810002
420034810003,-79.9884095973828,40.4100417640001,125,420034810003
420034810004,-79.9851784350152,40.4078061239192,5,420034810004
420034825001,-79.918579731589,40.3977453874818,3,420035653001
420034885001,-79.9212940518977,40.364250859616,3,420034885001
420034890013,-79.9516882857314,40.3262752282081,1,420034890013
420035154011,-79.892416284265,40.4243217441565,30,420035154011
420035154012,-79.8969548276291,40.4226548960831,3,420035154012
420035154013,-79.8946878177824,40.4302661977263,3,420035154013
420035231003,-79.8701963893846,40.462437657227,1,420035231003
420035231004,-79.8829035275391,40.4646330377551,8,420035231004
420035604001,-79.8901243588896,40.4457617746842,56,420035604001
420035604002,-79.8905858954034,40.4417307451259,8,420035604002
420035605001,-79.891671969021,40.4394428262046,9,420035605001
420035611001,-79.8758485149887,40.4466445646738,2,420035648001
420035612001,-79.8814199907078,40.4474603361273,6,420035648002
420035616001,-79.9615247044649,40.4168880442376,1648,420031610001
420035616002,-79.9632775744347,40.4138242170138,1107,420031610001
420035616003,-79.97884783082,40.4161439362108,1015,420031610001
420035616004,-79.9736069384224,40.4149325119477,844,420031610001
420035617001,-79.972219604065,40.4088105317722,433,420031610001
420035617002,-79.9793775607902,40.4108819971591,806,420031610001
420035619001,-79.8940188521049,40.4729164064486,2185,420035619001
420035619002,-79.8924816830828,40.4670401189346,3061,420035619002
420035620001,-79.951010340881,40.4509319392107,1219,420035620001
420035620002,-79.9531607652097,40.4552844449813,2210,420035620002
420035620003,-79.9558077839652,40.4481953576567,2222,420035620003
420035623001,-79.9398385830672,40.4022591542947,1261,420035623003
420035623002,-79.9297529799093,40.4054573508113,3388,420035623001
420035623003,-79.9314343538425,40.4125884389603,1203,420035623002
420035623004,-79.9419544244913,40.4063920974039,1222,420035623003
420035623005,-79.9369153078026,40.4143036800061,851,420035623003
420035623006,-79.9425975163817,40.4097657025565,1985,420035623003
420035624001,-80.0012011676868,40.4077170546008,1366,420035624001
420035624002,-80.0039680447416,40.4142643857439,1186,420035624002
420035624003,-80.0015470366834,40.4166466397748,841,420035624002
420035624004,-80.005034104991,40.4187791554502,1508,420035624003
420035624005,-79.9991650591415,40.4197439998351,910,420035624003
420035625001,-80.0522611913872,40.4606792104767,1059,420035625001
420035625002,-80.0477567480552,40.4561398502725,908,420035625001
420035625003,-80.0490125749933,40.4534472923167,2659,420035625001
420035625004,-80.0582965669737,40.4580654641811,2447,420035625003
420035626001,-80.032635267099,40.4369358550724,1305,420031911002
420035626002,-80.0409732330985,40.440027997523,1960,420035626001
420035626003,-80.0367970017588,40.4482600034383,1507,420035626002
420035626004,-80.0364106964428,40.4440743182557,1111,420035626002
420035627001,-80.0144044422165,40.4507903224808,1020,420035627001
420035627002,-80.006734189257,40.4527501271388,4669,420035627002
420035628001,-80.0745993089492,40.4202383089224,943,420035628001
420035628002,-80.0658068417395,40.4269325362235,1797,420035628002
420035629001,-79.9486950598139,40.4113123625511,2132,420035629011
420035629002,-79.9471074761937,40.3922905161124,1041,420035653001
420035629003,-79.9441195031064,40.4176387147536,1137,420035629012
420035630001,-80.0847841715532,40.450786540227,2358,420035630001
420035630002,-80.0778332957668,40.459774771306,805,420035630002
420035630003,-80.0721877237791,40.4521691653153,977,420035630003
420035630004,-80.0705789178784,40.4578262733885,1087,420035630003
420035631001,-80.0441098449915,40.4338159362245,843,420035631001
420035631002,-80.0530408128534,40.4320180415591,2260,420035631002
420035631003,-80.0344866292752,40.4270854770587,577,420035631001
420035632001,-79.9981209841959,40.4495619024506,2390,420035632011
420035632002,-79.9979403555741,40.4535195307656,7359,420035632021
420035632003,-79.9976587242799,40.4572650013126,2688,420035632022
420039800001,-79.8924090107628,40.4882624113746,6824,420039800001
420039801001,-79.9145099023707,40.481229287653,1262,420039801001
420039803001,-79.9057260829288,40.4325583775634,151,420039803001
420039804001,-80.0200197454857,40.4819458665995,134,420039804001
420039805001,-79.942159366852,40.4343530966253,842,420039805001
420039806001,-80.0280138804104,40.4519930959565,4928,420039806001
420039807001,-80.0117732047697,40.4376431614479,3217,420039807001
420039808001,-79.9654423706305,40.4325813054591,717,420039808001
420039809001,-80.0419517001309,40.4666011990925,907,420039809001
420039810001,-79.9488681129042,40.4731090601512,204,420039810001
420039811001,-79.9063288514281,40.4420457128688,66,420039811002
420039812001,-80.0108042463949,40.4464643482286,10409,420039812001
420039818001,-79.8972205148554,40.4801784754434,1377,420039818001
420039822001,-79.9547684986283,40.4444958457521,5264,420039822001
